{
  "_storages": {
    "std_sheet": 2, /* PRESETS_STORAGE_MODEL_ONLY */
    "scrap_sheet_sizes": 2 /* PRESETS_STORAGE_MODEL_ONLY */
  },
  "_preprocessors": {
    "scrap_sheet_sizes": 4, /* PRESETS_PREPROCESSOR_DXDXQ */
    "saw_kerf": 1, /* PRESETS_PREPROCESSOR_D */
    "trimming": 1, /* PRESETS_PREPROCESSOR_D */
    "keep_length": 1, /* PRESETS_PREPROCESSOR_D */
    "keep_width": 1 /* PRESETS_PREPROCESSOR_D */
  },
  "0": {
    "std_sheet": "",
    "scrap_sheet_sizes": "",
    "saw_kerf": { "metric": "3mm", "imperial": "1/8\"" },
    "trimming": { "metric": "10mm", "imperial": "1/2\"" },
    "optimization": 0, /* OPT_MEDIUM */
    "stacking": 3, /* STACKING_ALL */
    "keep_length": { "metric": "100mm", "imperial": "4\"" },
    "keep_width": { "metric": "100mm", "imperial": "4\"" },
    "sheet_folding": true,
    "hide_part_list": false,
    "part_drawing_type": 0, /* PART_DRAWING_TYPE_NONE */
    "use_names": false,
    "full_width_diagram": false,
    "hide_cross": false,
    "origin_corner": 0, /* ORIGIN_CORNER_TOP_LEFT */
    "highlight_primary_cuts": false,
    "hide_edges_preview": true
  }
}
