{
  "_storages": {
    "std_sheet": 2, /* PRESETS_STORAGE_MODEL_ONLY */
    "scrap_sheet_sizes": 2 /* PRESETS_STORAGE_MODEL_ONLY */
  },
  "_preprocessors": {
    "scrap_sheet_sizes": 4, /* PRESETS_PREPROCESSOR_DXDXQ */
    "spacing": 1, /* PRESETS_PREPROCESSOR_D */
    "trimming": 1 /* PRESETS_PREPROCESSOR_D */
  },
  "0": {
    "std_sheet": "",
    "scrap_sheet_sizes": "",
    "engine": "rectangleguillotine",
    "objective": "bin-packing-with-leftovers",
    "cut_type": "non-exact",
    "first_stage_orientation": "horizontal",
    "spacing": { "metric": "20mm", "imperial": "1\"" },
    "trimming": { "metric": "10mm", "imperial": "1/2\"" },
    "verbosity_level": 1
  }
}
