{
  "0": {
    "part_drawing_type": 1, /* PART_DRAWING_TYPE_2D_TOP */
    "file_format": "svg",
    "unit": { "metric": 2, "imperial": 0 }, /* Length::Millimeter , Length::Inches*/
    "anchor": false,
    "smoothing": false,
    "merge_holes": false,
    "include_paths": false,
    "parts_stroke_color": null,
    "parts_fill_color": "#000000",
    "parts_holes_stroke_color": "#000000",
    "parts_holes_fill_color": "#FFFFFF",
    "parts_paths_stroke_color": "#0068FF",
    "parts_paths_fill_color": null
  }
}
