{
  "_storages": {
    "std_bar": 2, /* PRESETS_STORAGE_MODEL_ONLY */
    "scrap_bar_lengths": 2 /* PRESETS_STORAGE_MODEL_ONLY */
  },
  "_preprocessors": {
    "scrap_bar_lengths": 2, /* PRESETS_PREPROCESSOR_DXQ */
    "saw_kerf": 1, /* PRESETS_PREPROCESSOR_D */
    "trimming": 1, /* PRESETS_PREPROCESSOR_D */
    "wrap_length": 1 /* PRESETS_PREPROCESSOR_D */
  },
  "0": {
    "std_bar": "",
    "scrap_bar_lengths": "",
    "saw_kerf": { "metric": "3mm", "imperial": "1/8\"" },
    "trimming": { "metric": "20mm", "imperial": "3/4\"" },
    "bar_folding": true,
    "hide_part_list": false,
    "part_drawing_type": 0, /* PART_DRAWING_TYPE_NONE */
    "use_names": false,
    "full_width_diagram": false,
    "hide_cross": false,
    "origin_corner": 0, /* ORIGIN_CORNER_LEFT */
    "wrap_length": { "metric": "3000mm", "imperial": "12'" }
  }
}
