{
  "0": {
    "file_format": "svg",
    "dxf_structure": 1, /* DXF_STRUCTURE_LAYER */
    "unit": { "metric": 2, "imperial": 0 }, /* Length::Millimeter , Length::Inches*/
    "smoothing": false,
    "merge_holes": false,
    "include_paths": false,
    "bar_hidden": false,
    "bar_stroke_color": "#0068FF",
    "bar_fill_color": null,
    "parts_hidden": false,
    "parts_stroke_color": null,
    "parts_fill_color": "#000000",
    "parts_holes_stroke_color": "#000000",
    "parts_holes_fill_color": "#FFFFFF",
    "parts_paths_stroke_color": "#0068FF",
    "parts_paths_fill_color": null,
    "texts_hidden": false,
    "texts_color": "#00ffff",
    "leftovers_hidden": true,
    "leftovers_stroke_color": "#aaaaaa",
    "leftovers_fill_color": null,
    "cuts_hidden": true,
    "cuts_color": "#ff00ff"
  }
}
