{
  "_preprocessors": {
    "thickness": 1, /* PRESETS_PREPROCESSOR_D */
    "length_increase": 1, /* PRESETS_PREPROCESSOR_D */
    "width_increase": 1, /* PRESETS_PREPROCESSOR_D */
    "thickness_increase": 1, /* PRESETS_PREPROCESSOR_D */
    "std_lengths": 1, /* PRESETS_PREPROCESSOR_D */
    "std_widths": 1, /* PRESETS_PREPROCESSOR_D */
    "std_thicknesses": 1, /* PRESETS_PREPROCESSOR_D */
    "std_sections": 3, /* PRESETS_PREPROCESSOR_DXD */
    "std_sizes": 3 /* PRESETS_PREPROCESSOR_DXD */
  },
  "0": {  /* TYPE_UNKNOWN */
    "thickness": "0",
    "length_increase": "0",
    "width_increase": "0",
    "thickness_increase": "0",
    "std_lengths": "",
    "std_widths": "",
    "std_thicknesses": "",
    "std_sections": "",
    "std_sizes": "",
    "grained": false,
    "edge_decremented": false,
    "raw_estimated": true,
    "std_volumic_masses": [],
    "std_prices": []
  },
  "1": {  /* TYPE_SOLID_WOOD */
    "thickness": "0",
    "length_increase": { "metric": "50mm", "imperial": "1 1/2\"" },
    "width_increase": { "metric": "5mm", "imperial": "1/4\"" },
    "thickness_increase": { "metric": "5mm", "imperial": "1/4\"" },
    "std_lengths": "",
    "std_widths": "",
    "std_thicknesses": { "metric": "18mm;27mm;35mm;45mm;64mm;80mm;100mm", "imperial": "1/2\";3/4\";1\";1 1/4\";1 1/2\";1 3/4\";2\";2 1/2\";3\";3 1/2\";4\";4 1/2\";5\";5 1/2\";6\"" },
    "std_sections": "",
    "std_sizes": "",
    "grained": true,
    "edge_decremented": false,
    "raw_estimated": true,
    "std_volumic_masses": [],
    "std_prices": []
  },
  "2": {  /* TYPE_SHEET_GOOD */
    "thickness": "0",
    "length_increase": "0",
    "width_increase": "0",
    "thickness_increase": "0",
    "std_lengths": "",
    "std_widths": "",
    "std_thicknesses": { "metric": "5mm;8mm;10mm;12mm;15mm;16mm;18mm;19mm;21mm;22mm;27mm", "imperial": "1/4\";1/2\";5/8\";3/4\";1\";1 1/8\"" },
    "std_sections": "",
    "std_sizes": { "metric": "2800mm x 2070mm;2500mm x 1250mm;2440mm x 1220mm;", "imperial": "96\" x 48\"; 47.75\" x 23.75\"" },
    "grained": true,
    "edge_decremented": false,
    "raw_estimated": true,
    "std_volumic_masses": [],
    "std_prices": []
  },
  "3": {  /* TYPE_DIMENSIONAL */
    "thickness": "0",
    "length_increase": { "metric": "50mm", "imperial": "1\"" },
    "width_increase": "0",
    "thickness_increase": "0",
    "std_lengths": { "metric": "2400mm;6000mm;13000mm", "imperial": "6';8';10';12';14';16';18';20';22';24'" },
    "std_widths": "",
    "std_thicknesses": "",
    "std_sections": { "metric": "30mm x 40mm;40mm x 50mm", "imperial": "1 1/2\" x 3/4\"; 3 1/2\" x 1 1/2\";5 1/2\" x 1 1/2\";7 1/2\" x 1 1/2\"" },
    "std_sizes": "",
    "grained": false,
    "edge_decremented": false,
    "raw_estimated": true,
    "std_volumic_masses": [],
    "std_prices": []
  },
  "4": {  /* TYPE_EDGE */
    "thickness": { "metric": "2mm", "imperial": "0.018\"" },
    "length_increase": "0",
    "width_increase": "0",
    "thickness_increase": "0",
    "std_lengths": { "metric":  "75m", "imperial": "250'" },
    "std_widths": { "metric": "19mm;23mm;28mm;33mm;35mm;43mm", "imperial": "5/8\";7/8\";3/4\";15/16\";1 5/16\";1 5/8\";1 3/4\"" },
    "std_thicknesses": "",
    "std_sections": "",
    "std_sizes": "",
    "grained": false,
    "edge_decremented": true,
    "raw_estimated": true,
    "std_volumic_masses": [],
    "std_prices": []
  },
  "5": {  /* TYPE_HARDWARE */
    "thickness": "",
    "length_increase": "",
    "width_increase": "",
    "thickness_increase": "",
    "std_lengths": "",
    "std_widths": "",
    "std_thicknesses": "",
    "std_sections": "",
    "std_sizes": "",
    "grained": false,
    "edge_decremented": false,
    "raw_estimated": false,
    "std_volumic_masses": [],
    "std_prices": []
  },
  "6": {  /* TYPE_VENEER */
    "thickness": { "metric": "1mm", "imperial": "0.018\"" },
    "length_increase": "0",
    "width_increase": "0",
    "thickness_increase": "",
    "std_lengths": "",
    "std_widths": "",
    "std_thicknesses": "",
    "std_sections": "",
    "std_sizes": { "metric": "2800mm x 2070mm", "imperial": "96\" x 48\"" },
    "grained": true,
    "edge_decremented": false,
    "raw_estimated": true,
    "std_volumic_masses": [],
    "std_prices": []
  }
}
